0.000000000000000000e+00,1.941523822168179795e-03,0.000000000000000000e+00
2.000000000000000042e-02,-5.356056331581204866e-02,1.079190941464713968e-03
4.000000000000000083e-02,-9.122077134167280721e-02,4.045701347072010526e-03
5.999999999999999778e-02,-1.382657621407281656e-01,8.676075559910009088e-03
8.000000000000000167e-02,4.094277365384369621e-02,1.010977483866900943e-02
1.000000000000000056e-01,2.073773912849404266e-01,3.882196626482024761e-03
1.199999999999999956e-01,-3.349436037649278913e-02,-4.080709854257762040e-04
1.400000000000000133e-01,6.425975973453820767e-02,-9.707885481463295312e-04
1.600000000000000033e-01,-2.721168227813792334e-02,-1.691852058148598115e-03
1.799999999999999933e-01,-7.396095407070388261e-02,6.833914484433061334e-04
2.000000000000000111e-01,3.539205961689826513e-02,1.591236068051774498e-03
2.200000000000000011e-01,-1.000596798990832925e-01,2.873220904253502919e-03
2.399999999999999911e-01,-3.472642453944995052e-03,4.850167011353724231e-03
2.600000000000000089e-01,-9.053111343304326430e-02,6.498080033620180253e-03
2.800000000000000266e-01,-2.596283179253749962e-01,1.350924963707895651e-02
2.999999999999999889e-01,-3.878125101447379638e-03,1.821815463965567247e-02
3.200000000000000067e-01,-1.548720220281286641e-01,2.007472220336946681e-02
3.400000000000000244e-01,3.599302673361194638e-02,2.107796624334859828e-02
3.599999999999999867e-01,-1.317297507753020010e-03,1.854668474908096124e-02
3.800000000000000044e-01,4.892829234834263075e-02,1.597348610997822646e-02
4.000000000000000222e-01,7.118847762504180998e-02,1.207842974878459152e-02
4.199999999999999845e-01,-1.770847854715393646e-02,9.946679067789607198e-03
4.400000000000000022e-01,1.581365182629163035e-02,9.293406609147071909e-03
4.600000000000000200e-01,3.704909798549106681e-02,7.567312811929213616e-03
4.799999999999999822e-01,1.276111596278213002e-02,6.014189665966802184e-03
5.000000000000000000e-01,-2.279631694607725870e-02,5.898340349749628744e-03
5.200000000000000178e-01,1.799036408984425184e-01,2.226066339169543648e-03
5.400000000000000355e-01,-1.584928419621615264e-02,-1.425218126647493722e-03
5.600000000000000533e-01,3.626556832974304756e-01,-8.392015654491455021e-03
5.799999999999999600e-01,7.569263873753666327e-02,-1.717604858819623756e-02
5.999999999999999778e-01,1.259580037450086232e-01,-1.981897558707283735e-02
6.199999999999999956e-01,-5.710002667017325534e-02,-1.946061810737347367e-02
6.400000000000000133e-01,-2.336124816353334771e-02,-1.577501660503659656e-02
6.600000000000000311e-01,-4.566711920841902417e-02,-1.269331775061055545e-02
6.800000000000000488e-01,-5.523309610551652149e-02,-9.181329530986236109e-03
7.000000000000000666e-01,-2.882629585394984317e-02,-6.448124548748195711e-03
7.199999999999999734e-01,-6.287722802546573397e-02,-3.796702005290476280e-03
7.399999999999999911e-01,-3.489586367617235341e-02,-1.199216359170508783e-03
7.600000000000000089e-01,-6.899886872119252723e-02,1.228191300552365986e-03
7.800000000000000266e-01,1.494619080266051947e-02,2.404295072349079288e-03
8.000000000000000444e-01,3.393985459085434569e-03,1.807241532845940777e-03
8.200000000000000622e-01,1.787834123157738542e-01,-2.119611199312105426e-03
8.399999999999999689e-01,-7.079766316458921405e-02,-4.323665657643572385e-03
8.599999999999999867e-01,1.422806333326161743e-01,-5.301150307349600764e-03
8.800000000000000044e-01,-1.340016832371006550e-01,-5.145703165568124918e-03
9.000000000000000222e-01,1.478127652387669910e-01,-4.807849000655473395e-03
9.200000000000000400e-01,-3.896812767002997419e-02,-6.788016012889021462e-03
9.400000000000000577e-01,-4.558344252901687377e-02,-4.239667150913464799e-03
9.599999999999999645e-01,-1.371241818405843360e-01,7.903315963995191998e-05
9.799999999999999822e-01,-1.923104144896939371e-01,7.289228407591262851e-03
1.000000000000000000e+00,-2.225063856804670656e-02,1.143981934399876388e-02
1.020000000000000018e+00,-4.774426682047173132e-01,2.116447931153701140e-02
1.040000000000000036e+00,1.408826962300079588e-01,2.693003667395595102e-02
1.060000000000000053e+00,-4.603475540851350578e-01,3.122176796170507418e-02
1.080000000000000071e+00,-5.705756845584837589e-02,3.998229947583273325e-02
1.100000000000000089e+00,-5.111096074462344596e-01,4.866645747144704437e-02
1.120000000000000107e+00,-1.190573172006744729e-01,5.847193749452232747e-02
1.140000000000000124e+00,-3.341752165259229135e-01,6.325982197393900663e-02
1.159999999999999920e+00,-8.055452671358820371e-02,6.703155064301426214e-02
1.179999999999999938e+00,-1.384424899515102614e-01,6.614604063745450901e-02
1.199999999999999956e+00,-7.203623713074620849e-02,6.528990514495147668e-02
1.219999999999999973e+00,-2.061992398191717646e-01,6.597889235237794359e-02
1.239999999999999991e+00,7.376437615858686542e-03,6.514881269421578247e-02
1.260000000000000009e+00,-2.938351561037694792e-01,6.602787629219475374e-02
1.280000000000000027e+00,-1.767879397708876574e-02,6.788050059911776568e-02
1.300000000000000044e+00,-2.479435549244947690e-01,6.826292138963645229e-02
1.320000000000000062e+00,1.082424552115490157e-01,6.630349038051248922e-02
1.340000000000000080e+00,-2.251180378380906177e-01,6.367680880267559407e-02
1.360000000000000098e+00,1.381727370688115852e-01,6.115418586851185945e-02
1.380000000000000115e+00,-2.595664262771656405e-01,5.922582688611525981e-02
1.400000000000000133e+00,7.557683358220859682e-02,5.939397776705344217e-02
1.419999999999999929e+00,-1.161216700913662164e-01,5.606382794205359149e-02
1.439999999999999947e+00,7.834910488350095570e-02,5.332338387188829271e-02
1.459999999999999964e+00,-1.693532437465616186e-02,4.852340352235121057e-02
1.479999999999999982e+00,-1.136844701997653502e-03,4.592438544308715537e-02
1.500000000000000000e+00,9.216927515347382582e-02,4.131830875530035502e-02
1.520000000000000018e+00,5.192776873598210080e-02,3.593539391009832606e-02
1.540000000000000036e+00,-5.751586711486351110e-03,3.321257785511638749e-02
1.560000000000000053e+00,1.271140491429062769e-01,2.925238661932397233e-02
1.580000000000000071e+00,-3.343080985737588787e-03,2.551656118070908322e-02
1.600000000000000089e+00,1.980604203717186707e-01,2.068835843026737425e-02
1.620000000000000107e+00,-2.021577575200688565e-02,1.647708518189677784e-02
1.640000000000000124e+00,2.958687923810126019e-01,1.074121378475222099e-02
1.660000000000000142e+00,-1.109155706635581856e-01,7.237535873853350593e-03
1.679999999999999938e+00,2.461615399764438827e-01,5.425080726703001253e-03
1.699999999999999956e+00,5.744519346003843646e-02,-2.336391411133411766e-04
1.719999999999999973e+00,1.700127574765471772e-01,-3.560932629324646808e-03
1.739999999999999991e+00,8.988977919272043982e-02,-7.360244762589275742e-03
1.760000000000000009e+00,1.105018461040708777e-01,-9.563688241406236024e-03
1.780000000000000027e+00,2.793886829785671364e-02,-1.019199435447593755e-02
1.800000000000000044e+00,2.998567267734400521e-01,-1.482021030079161417e-02
1.820000000000000062e+00,2.930285561505105441e-01,-2.496992477149705125e-02
1.840000000000000080e+00,5.615275254775045077e-01,-3.985107848671397973e-02
1.860000000000000098e+00,3.881520754903631798e-01,-5.576630389518323627e-02
1.880000000000000115e+00,2.390350641912512564e-01,-6.321251088682056096e-02
1.900000000000000133e+00,3.556328249564008614e-01,-6.920999835594215943e-02
1.919999999999999929e+00,1.129284018888302987e-01,-7.224979286187974137e-02
1.939999999999999947e+00,1.074790594144936079e-01,-6.957024488168252196e-02
1.959999999999999964e+00,-1.272631046127395138e-01,-6.217318144533830887e-02
1.979999999999999982e+00,2.163874471479998451e-01,-5.754497695324945622e-02
2.000000000000000000e+00,-1.104990857453182762e-01,-5.419702213838120675e-02
2.020000000000000018e+00,-4.001665301100044286e-02,-4.540580466867721182e-02
2.040000000000000036e+00,-3.734727418365401674e-01,-3.193304272792345938e-02
2.060000000000000053e+00,-4.742052973182429680e-03,-2.019036605133095463e-02
2.080000000000000071e+00,-3.295835390098676432e-01,-1.076779126280191443e-02
2.100000000000000089e+00,-6.040455341766249112e-03,-1.893327898638715945e-03
2.120000000000000107e+00,-3.207828446703177017e-01,5.686917214083008799e-03
2.140000000000000124e+00,-8.870037424365405376e-02,1.464829639604304547e-02
2.160000000000000142e+00,-2.961179703827499510e-01,2.204004319526743985e-02
2.180000000000000160e+00,7.195341953761290321e-02,2.548857343116005258e-02
2.200000000000000178e+00,-3.352346045427925247e-01,2.913939588329733654e-02
2.220000000000000195e+00,3.466103637100412943e-02,3.370305304665018042e-02
2.240000000000000213e+00,-3.257877758841851712e-01,3.722180116635379760e-02
2.260000000000000231e+00,1.625263991625310045e-02,4.131775417398077244e-02
2.280000000000000249e+00,-1.943882260818526331e-01,4.184047460620946013e-02
2.300000000000000266e+00,5.117380304065301949e-02,4.186107514368089116e-02
2.319999999999999840e+00,-1.243786868661223878e-02,3.785393736159551464e-02
2.339999999999999858e+00,-9.398568844672565772e-03,3.548544017047990107e-02
2.359999999999999876e+00,-3.212459703724265814e-01,4.005713649505655144e-02
2.379999999999999893e+00,5.538415305028830671e-02,4.320895694310304680e-02
2.399999999999999911e+00,-2.796960050250355545e-01,4.483506866579708289e-02
2.419999999999999929e+00,-5.957229579772210792e-02,4.914745695963777805e-02
2.439999999999999947e+00,-3.034143869814523997e-01,5.339337103516587912e-02
2.459999999999999964e+00,1.424492971032850774e-01,5.337171956781438381e-02
2.479999999999999982e+00,-4.033842405474416526e-01,5.488307547607236547e-02
2.500000000000000000e+00,3.144541876120184043e-02,5.936582828613987811e-02
2.520000000000000018e+00,-4.035962685377614267e-01,6.307274230049408903e-02
2.540000000000000036e+00,3.335297030122989781e-02,6.685102056666085424e-02
2.560000000000000053e+00,-3.985081265358892399e-01,6.975765046899200239e-02
2.580000000000000071e+00,-7.866887973095419706e-03,7.393628004889898908e-02
2.600000000000000089e+00,-3.574285464327403017e-01,7.633532205119737679e-02
2.620000000000000107e+00,1.127130854901343092e-02,7.865061448938999444e-02
2.640000000000000124e+00,-2.439595450181405722e-01,7.801030325077343286e-02
2.660000000000000142e+00,9.609764112362677302e-02,7.604797392010669010e-02
2.680000000000000160e+00,-8.276751334038116859e-02,7.044759497865367426e-02
2.700000000000000178e+00,2.940854840496915368e-01,6.147182442825921411e-02
2.720000000000000195e+00,6.480743851289991198e-02,4.970540011684723009e-02
2.740000000000000213e+00,3.770665403350698108e-01,3.762859464339662202e-02
2.760000000000000231e+00,-1.228461372883339064e-01,3.022498039949912674e-02
2.780000000000000249e+00,4.196326575691955996e-01,2.319999945504872679e-02
2.800000000000000266e+00,2.160171068096687977e-02,1.318025354234753956e-02
2.819999999999999840e+00,4.829477000992156710e-01,3.141369432658511207e-03
2.839999999999999858e+00,-1.195391212089963323e-01,-3.489825082301125335e-03
2.859999999999999876e+00,3.800073227587015823e-01,-6.750220021528838960e-03
2.879999999999999893e+00,-8.359257091233594783e-02,-1.105056782871014637e-02
2.899999999999999911e+00,3.333336574879237069e-01,-1.352014335799033712e-02
2.919999999999999929e+00,-2.626876755434887079e-01,-1.245745570125199840e-02
2.939999999999999947e+00,1.819547032015628521e-02,-3.982605607020272762e-03
2.959999999999999964e+00,-9.760342070891714350e-02,-2.456035789705577482e-04
2.979999999999999982e+00,8.946529887598415887e-02,1.758586526263430103e-03
3.000000000000000000e+00,-3.582484943319155790e-01,8.858038053958653887e-03
3.020000000000000018e+00,1.827589350275248270e-01,1.382814240959086456e-02
3.040000000000000036e+00,-3.309608586331783120e-01,1.718144920022648958e-02
3.060000000000000053e+00,-5.899834860720400836e-02,2.593161601484711420e-02
3.080000000000000071e+00,-2.781307321286999312e-01,3.250510800919828580e-02
3.100000000000000089e+00,-1.658800542226964991e-01,4.098675334232878414e-02
3.120000000000000107e+00,-2.633630709088881083e-01,4.821712943370132232e-02
3.140000000000000124e+00,-2.296901235912879868e-01,5.639501674549316640e-02
3.160000000000000142e+00,-1.984439102982799574e-01,6.240859405333036569e-02
3.180000000000000160e+00,1.253936554455864667e-02,6.266282549945835501e-02
3.200000000000000178e+00,-1.847319672397261248e-01,6.245664604706747947e-02
3.220000000000000195e+00,1.462044510238755535e-01,5.973085854589342547e-02
3.240000000000000213e+00,-2.668287799554514353e-02,5.358151343245607517e-02
3.260000000000000231e+00,1.592834219139975267e-03,5.122430024468492549e-02
3.280000000000000249e+00,1.105260867239229450e-01,4.628315003765277186e-02
3.300000000000000266e+00,-4.331892636012284886e-02,4.267406237004542358e-02
3.320000000000000284e+00,1.623474497592811705e-01,3.843508553678766371e-02
3.339999999999999858e+00,-1.467676721330545830e-01,3.651609299133201647e-02
3.359999999999999876e+00,-4.662903255903826094e-02,3.968539947072501767e-02
3.379999999999999893e+00,-1.615978133410918838e-01,4.267334940503945268e-02
3.399999999999999911e+00,8.418474382444066095e-02,4.283536833913294262e-02
3.419999999999999929e+00,-1.306334615543849609e-01,4.208239329826807956e-02
3.439999999999999947e+00,1.811203880312779180e-01,3.959823691183236849e-02
3.459999999999999964e+00,-2.786893906163275259e-01,4.016039406009244001e-02
3.479999999999999982e+00,2.379911545834244857e-01,4.000190624844869591e-02
3.500000000000000000e+00,-1.248892473220113986e-01,3.595927613584042060e-02
3.520000000000000018e+00,1.236205280606384876e-01,3.516868178871985356e-02
3.540000000000000036e+00,-1.695281542320260793e-01,3.515057938100377838e-02
3.560000000000000053e+00,-9.004600641703795760e-02,4.009668259169529153e-02
3.580000000000000071e+00,-8.812707438019881656e-02,4.264738259598524484e-02
3.600000000000000089e+00,2.238692833509383154e-02,4.265716625499600678e-02
3.620000000000000107e+00,-9.194021212167319268e-02,4.265382518123349287e-02
3.640000000000000124e+00,-3.550437717482106403e-02,4.398884025663891278e-02
3.660000000000000142e+00,-1.131090537072937108e-01,4.564356688763421960e-02
3.680000000000000160e+00,-1.275415424020391875e-01,4.922392505014858838e-02
3.700000000000000178e+00,9.807889700451015436e-02,4.806266054930768278e-02
3.720000000000000195e+00,-1.795278437259911208e-01,4.778771303063045206e-02
3.740000000000000213e+00,1.122218578233041414e-01,4.771525561253395220e-02
3.760000000000000231e+00,-1.496969091476224867e-01,4.666045485323516012e-02
3.780000000000000249e+00,1.247248726610751396e-01,4.571808408515595085e-02
3.800000000000000266e+00,-1.563693662723002198e-01,4.479941309128815385e-02
3.820000000000000284e+00,1.612688572620765981e-01,4.339964226749713078e-02
3.839999999999999858e+00,-3.173466784766305199e-02,3.912847382276722630e-02
3.859999999999999876e+00,1.745942834870790328e-01,3.527791416709533806e-02
3.879999999999999893e+00,-1.139419618465014050e-01,3.334475929761192975e-02
3.899999999999999911e+00,2.286143790456676150e-01,3.081989287616079473e-02
3.919999999999999929e+00,1.623603143068960419e-01,2.212703247791587835e-02
3.939999999999999947e+00,9.439525298544289289e-02,1.711012881051057408e-02
3.959999999999999964e+00,2.455084682490934755e-01,1.087916672826361002e-02
3.979999999999999982e+00,-8.600069977578639335e-02,8.837846677980357515e-03
4.000000000000000000e+00,2.201889259880820682e-01,7.972956129802179215e-03
4.020000000000000462e+00,-5.905652547396230551e-02,6.174355431085134897e-03
4.040000000000000036e+00,3.432552697743653652e-02,8.814468296593106628e-03
4.060000000000000497e+00,-1.027679733800020978e-01,1.200757880794555907e-02
4.080000000000000071e+00,6.386223584341263471e-02,1.444261346198289289e-02
4.099999999999999645e+00,-8.136345986399416697e-02,1.598642939428068788e-02
4.120000000000000107e+00,-3.557844768667364679e-03,1.899313400013010258e-02
4.139999999999999680e+00,-6.527288713518451801e-02,2.130816857067455855e-02
4.160000000000000142e+00,-8.433488129827111657e-02,2.507641529454486887e-02
4.179999999999999716e+00,1.296799288360199476e-01,2.440695462586693620e-02
4.200000000000000178e+00,-1.114585278125234946e-01,2.413231186962232211e-02
4.219999999999999751e+00,1.446536659308337858e-01,2.385092087486166690e-02
4.240000000000000213e+00,-1.130482656325031421e-01,2.327961283995178682e-02
4.259999999999999787e+00,-7.395055251258518536e-02,2.770037001005608290e-02
4.280000000000000249e+00,-7.591893229000822030e-02,3.090689220617025279e-02
4.299999999999999822e+00,-1.068143245631924532e-01,3.453620008348760179e-02
4.320000000000000284e+00,-6.747056092936257188e-02,3.771616917041772932e-02
4.339999999999999858e+00,7.802993207571072565e-02,3.661298448933419936e-02
4.360000000000000320e+00,-3.163474450886972350e-02,3.474632967903139996e-02
4.379999999999999893e+00,2.131692263862745018e-01,3.028682960778751251e-02
4.400000000000000355e+00,-1.039226871341686481e-01,2.749977025088409452e-02
4.419999999999999929e+00,2.543441347628839777e-01,2.438752899485491232e-02
4.440000000000000391e+00,4.326202746817932321e-02,1.805960111764733783e-02
4.459999999999999964e+00,4.308066405416894340e-01,8.741000880409275503e-03
4.480000000000000426e+00,2.226485948124348746e-01,-4.012531826454916392e-03
4.500000000000000000e+00,3.319292531273246305e-01,-1.337759918493134324e-02
4.520000000000000462e+00,2.712674232371764527e-01,-2.296506170362104179e-02
4.540000000000000036e+00,2.412305825510210888e-01,-2.976512742882356233e-02
4.560000000000000497e+00,4.150278382570404823e-01,-3.905394897587206871e-02
4.580000000000000071e+00,1.436124968598614104e-01,-4.567758599237223965e-02
4.600000000000000533e+00,3.174705027242404887e-01,-4.942454453811780807e-02
4.620000000000000107e+00,-1.975720934847011445e-01,-4.585153949663522965e-02
4.639999999999999680e+00,3.062435027924658715e-01,-4.182729161381807531e-02
4.660000000000000142e+00,-2.777086006834887377e-01,-3.714346873724806708e-02
4.679999999999999716e+00,2.982498336132874406e-01,-3.210464074796531841e-02
4.700000000000000178e+00,-1.043304653368327256e-01,-3.195533802155463982e-02
4.719999999999999751e+00,3.034772466258520707e-01,-3.154611340891157883e-02
4.740000000000000213e+00,-9.721857790591149906e-02,-3.184552785431773309e-02
4.759999999999999787e+00,4.597435990828975805e-01,-3.506090762987612575e-02
4.780000000000000249e+00,-1.527904140628926488e-01,-3.755715412681751714e-02
4.799999999999999822e+00,4.993997493303986568e-01,-4.000644712231254951e-02
4.820000000000000284e+00,-1.147397457342093918e-01,-4.387387066084045412e-02
4.839999999999999858e+00,6.158495618680447370e-01,-4.917395240344339669e-02
4.860000000000000320e+00,-1.958474337627471307e-01,-5.323315949629343208e-02
4.879999999999999893e+00,4.842754242556626676e-01,-5.333485603004463338e-02
4.900000000000000355e+00,-2.977450908773788263e-01,-5.206904578726556654e-02
4.919999999999999929e+00,5.401480347960648798e-01,-5.129274698116322723e-02
4.940000000000000391e+00,-2.213643615089508632e-01,-5.328685851593846501e-02
4.959999999999999964e+00,5.174064695095377253e-01,-5.375821692343163427e-02
4.980000000000000426e+00,-1.661262498688216294e-01,-5.633039087911135417e-02
5.000000000000000000e+00,5.277789791597066182e-01,-5.825251643784076089e-02
5.020000000000000462e+00,-1.608010586372559114e-01,-6.089161645085353763e-02
5.040000000000000036e+00,5.635116677822258335e-01,-6.336822054619152544e-02
5.060000000000000497e+00,-1.710088934816952552e-02,-6.963306371879028622e-02
5.080000000000000071e+00,4.945318350112176686e-01,-7.322646049871217588e-02
5.100000000000000533e+00,-1.984348571777469206e-01,-7.335136975821678063e-02
5.120000000000000107e+00,3.514661889284569352e-01,-6.965115446221682716e-02
5.139999999999999680e+00,-1.295647334701080511e-01,-6.862967248567986012e-02
5.160000000000000142e+00,1.429391630575158612e-01,-6.266094032798101565e-02
5.179999999999999716e+00,-3.719406644985400190e-01,-5.252383009173494655e-02
5.200000000000000178e+00,1.260484614225404476e-01,-4.248569747630943222e-02
5.219999999999999751e+00,-2.123712631615595203e-01,-3.734388766502813595e-02
5.240000000000000213e+00,1.283805394983363601e-01,-3.234062160334719160e-02
5.259999999999999787e+00,-3.120012780300842059e-01,-2.605298998094689178e-02
5.280000000000000249e+00,5.881988660495470617e-02,-1.849409613071676534e-02
5.299999999999999822e+00,-4.699814092197437398e-01,-8.547578287360866126e-03
5.320000000000000284e+00,5.837173375913952064e-03,2.069769913374576442e-03
5.339999999999999858e+00,-6.941276431990267559e-01,1.606038067852557163e-02
5.360000000000000320e+00,1.023825043900632864e-01,2.747414514937562488e-02
5.379999999999999893e+00,-5.969454882034690435e-01,3.497670864764887422e-02
5.400000000000000355e+00,-7.623284449578500432e-02,4.640685486262553089e-02
5.419999999999999929e+00,-3.275835237750000517e-01,5.049332925205593514e-02
5.440000000000000391e+00,6.499855581043144370e-02,5.161864410539670350e-02
5.459999999999999964e+00,-2.315589389395660280e-01,5.014737861987621920e-02
5.480000000000000426e+00,5.961074955219618915e-02,4.933779747327250720e-02
5.500000000000000000e+00,-1.745124592283461007e-01,4.710067775009342539e-02
5.520000000000000462e+00,-8.464950125997287855e-02,4.856151941558176088e-02
5.540000000000000036e+00,2.546037307497641886e-02,4.552289264245170525e-02
5.560000000000000497e+00,-1.904252312114649570e-01,4.497180973240106489e-02
5.580000000000000071e+00,9.711456791527185717e-02,4.329934125127183481e-02
5.600000000000000533e+00,-3.387562192128992788e-01,4.458916149554535691e-02
5.620000000000000107e+00,1.922643030710059764e-01,4.432728492511246732e-02
5.639999999999999680e+00,-1.442660510092626247e-01,3.934303335750077846e-02
5.660000000000000142e+00,1.986979974934589832e-01,3.516212110210515523e-02
5.679999999999999716e+00,-1.306801260525514430e-01,3.072150237608625711e-02
5.700000000000000178e+00,1.528191729517089648e-01,2.804557904580518707e-02
5.719999999999999751e+00,-1.946980959444971904e-01,2.674554882028072969e-02
5.740000000000000213e+00,2.432108892379576393e-01,2.409065907073267704e-02
5.759999999999999787e+00,-3.319870851262446410e-01,2.407654646728770581e-02
5.780000000000000249e+00,1.806794410966048314e-01,2.599809459322360849e-02
5.799999999999999822e+00,-2.286627488295301380e-01,2.505900073932594910e-02
5.820000000000000284e+00,3.809324759619464595e-02,2.763991024607178812e-02
5.839999999999999858e+00,-1.717997300959688278e-01,2.858962446893700132e-02
5.860000000000000320e+00,-3.075377927467035435e-02,3.115620702385421548e-02
5.879999999999999893e+00,-9.977909349946002815e-02,3.190887808851098489e-02
5.900000000000000355e+00,1.010272536195041815e-01,2.982228571854746157e-02
5.919999999999999929e+00,7.389986304264330175e-02,2.400165926874317859e-02
5.940000000000000391e+00,4.209543212649169419e-02,2.007708890832640009e-02
5.959999999999999964e+00,9.279842817834285662e-02,1.616695003540677411e-02
5.980000000000000426e+00,4.869964401367925938e-02,1.236138388121817838e-02
6.000000000000000000e+00,2.619827769856294605e-02,1.046165676328742085e-02
6.020000000000000462e+00,-3.450415499990916457e-02,1.049434453009195044e-02
6.040000000000000036e+00,1.436373668443996776e-01,8.130878762630855405e-03
6.060000000000000497e+00,2.917102600940381374e-02,4.374584931259038571e-03
6.080000000000000071e+00,4.976597207545985918e-02,3.167145628220756782e-03
6.100000000000000533e+00,2.431042333121603283e-01,-2.599556283476288279e-03
6.120000000000000107e+00,1.406842359692686284e-01,-1.003530045619699558e-02
6.140000000000000568e+00,3.803228233584139972e-01,-1.966713241793225861e-02
6.160000000000000142e+00,-7.058680572426656585e-02,-2.410175531363578649e-02
6.179999999999999716e+00,4.269931297716089702e-01,-2.875060234416009636e-02
6.200000000000000178e+00,-8.181872338368012532e-02,-3.331139253443312492e-02
6.219999999999999751e+00,3.339547185859518819e-01,-3.488490560429319959e-02
6.240000000000000213e+00,-1.790221333853802416e-02,-3.826370396389978251e-02
6.259999999999999787e+00,1.550691042540533748e-01,-3.717600183180404944e-02
6.280000000000000249e+00,-1.047017153000539685e-01,-3.458817793247280503e-02
6.299999999999999822e+00,9.879243729979921354e-03,-2.897024141016681098e-02
6.320000000000000284e+00,-1.267949304649066203e-02,-2.588476234581665869e-02
6.339999999999999858e+00,-2.222848540169132178e-02,-2.252604738787129454e-02
6.360000000000000320e+00,-6.323646897543835910e-02,-1.831697374905252862e-02
6.379999999999999893e+00,1.068603278900036660e-02,-1.522038412278996743e-02
6.400000000000000355e+00,-3.186220809208727134e-02,-1.325857518658965159e-02
6.419999999999999929e+00,4.849485101911171769e-02,-1.211166703855933932e-02
6.440000000000000391e+00,5.608339650999264597e-02,-1.312641386750274496e-02
6.459999999999999964e+00,-2.444690534121439149e-02,-1.253707866217141156e-02
6.480000000000000426e+00,9.077388684392290186e-02,-1.274964813586329862e-02
6.500000000000000000e+00,5.689153836194545122e-02,-1.468784949320145472e-02
6.520000000000000462e+00,-5.078764072634041338e-02,-1.349733836779413478e-02
6.540000000000000036e+00,-1.226755259770535567e-01,-8.430910804877823905e-03
6.560000000000000497e+00,-4.911351798450381417e-02,-3.725860208884271101e-03
6.580000000000000071e+00,-9.965289849203721670e-03,-2.136630280722262749e-03
6.600000000000000533e+00,-6.774307432954518315e-02,-1.838012899832500158e-04
6.620000000000000107e+00,1.829814279698592158e-02,1.051998557880857782e-03
6.640000000000000568e+00,-1.352059212342750505e-01,3.579165301543564461e-03
6.660000000000000142e+00,4.477797154774010996e-02,5.396764140788280414e-03
6.679999999999999716e+00,-1.909125437006563286e-02,4.364000565464276789e-03
6.700000000000000178e+00,1.628082927009128489e-01,9.570288451228167390e-04
6.719999999999999751e+00,-1.140940940568340306e-01,-2.272050651638630927e-04
6.740000000000000213e+00,1.512754078316742024e-01,-8.715726901265977242e-04
6.759999999999999787e+00,7.457622696830713827e-02,-5.731423615868222118e-03
6.780000000000000249e+00,2.009409291316594515e-01,-1.115367554377907910e-02
6.799999999999999822e+00,2.475187907259977782e-02,-1.515242937879732535e-02
6.820000000000000284e+00,1.502391885675909422e-01,-1.750363306339071390e-02
6.839999999999999858e+00,-2.545233072699210064e-01,-1.386229834134657286e-02
6.860000000000000320e+00,1.347837425378985154e-01,-9.816022137379755777e-03
6.879999999999999893e+00,-4.711262538013413215e-01,-1.893158318902242107e-03
6.900000000000000355e+00,1.116455345058279952e-01,6.403010487245929146e-03
6.919999999999999929e+00,-5.157456596682451488e-01,1.423134420778136150e-02
6.940000000000000391e+00,2.549943359935692433e-01,1.900114163308508700e-02
6.959999999999999964e+00,-2.888672809051926471e-01,1.768593278973679475e-02
6.980000000000000426e+00,2.879286734113460366e-01,1.647378167060577561e-02
7.000000000000000000e+00,-3.624353697260296325e-01,1.630234724654924805e-02
7.020000000000000462e+00,2.526994360946412943e-01,1.758899703018763916e-02
7.040000000000000036e+00,-1.595401980429526911e-01,1.383256371619843994e-02
7.060000000000000497e+00,2.294712832170129335e-01,1.136491415489324433e-02
7.080000000000000071e+00,-1.597784568044395836e-01,8.724830971647837968e-03
7.100000000000000533e+00,2.113144963528968134e-01,7.155134605369364506e-03
7.120000000000000107e+00,-3.902983039462898374e-01,1.026107976891089957e-02
7.140000000000000568e+00,1.632929206249630893e-01,1.478052523396325771e-02
7.160000000000000142e+00,-2.869988518604870698e-01,1.608734510370788892e-02
7.179999999999999716e+00,3.936931610431640971e-01,1.295437504266421999e-02
7.200000000000000178e+00,-2.301534919819822056e-01,8.062387623178656967e-03
7.219999999999999751e+00,2.738045588543734921e-01,6.905819863742937957e-03
7.240000000000000213e+00,-2.264700961059860213e-02,8.810433023110260126e-04
7.259999999999999787e+00,2.382475178648145731e-01,-3.562076425425002475e-03
7.280000000000000249e+00,8.431196000510236821e-02,-1.022377069812445416e-02
7.299999999999999822e+00,5.132157989676042892e-02,-1.207096442130159257e-02
7.320000000000000284e+00,1.006151702877108728e-01,-1.413400462912291732e-02
7.339999999999999858e+00,1.587708101658920068e-01,-1.825058478137916301e-02
7.360000000000000320e+00,1.049777792866437576e-01,-2.229168797586362355e-02
7.379999999999999893e+00,3.027360306562468795e-01,-2.898099377051874953e-02
7.400000000000000355e+00,2.067597028482462129e-01,-3.755868927081599390e-02
7.419999999999999929e+00,3.283595689681155783e-01,-4.572812050100605319e-02
7.440000000000000391e+00,2.717045587798760375e-01,-5.477506675382109308e-02
7.459999999999999964e+00,2.052493789171308258e-01,-6.031004379444996483e-02
7.480000000000000426e+00,2.947807426126544117e-01,-6.584873071698749136e-02
7.500000000000000000e+00,1.509516960752268488e-01,-6.990274840313032145e-02
7.520000000000000462e+00,7.882329006686117356e-02,-6.902797247756917165e-02
7.540000000000000036e+00,5.641043617355660095e-02,-6.617296370591922716e-02
7.560000000000000497e+00,5.361068613903272051e-02,-6.305692913903589158e-02
7.580000000000000071e+00,-5.215685343822487607e-02,-5.795769802766854301e-02
7.600000000000000533e+00,2.690370977096649685e-02,-5.283912725551073025e-02
7.620000000000000107e+00,-6.537657742210405652e-03,-4.917352965036368012e-02
7.640000000000000568e+00,4.268022522100859556e-02,-4.626582993830415796e-02
7.660000000000000142e+00,-8.417150158126418535e-02,-4.208640435882231301e-02
7.679999999999999716e+00,4.571589533505419911e-02,-3.825972326124466028e-02
7.700000000000000178e+00,-1.381624401764370604e-02,-3.637334119429294632e-02
7.719999999999999751e+00,2.093778103988704620e-01,-3.815865627401290178e-02
7.740000000000000213e+00,-1.484965309445012149e-01,-3.719872612539334988e-02
7.759999999999999787e+00,3.232963731741000935e-01,-3.837871566825722808e-02
7.780000000000000249e+00,-2.265399862206931569e-01,-3.833201498939337731e-02
7.799999999999999822e+00,1.450674793561800846e-01,-3.393552999741860504e-02
7.820000000000000284e+00,-2.250542845423331439e-01,-3.040635637797031027e-02
7.839999999999999858e+00,5.724137106233140315e-02,-2.499545519315813508e-02
7.860000000000000320e+00,-3.568200883720175076e-01,-1.756303585507171597e-02
7.879999999999999893e+00,1.836302234719236204e-01,-1.308784019871887805e-02
7.900000000000000355e+00,-2.752412270893039858e-01,-1.128991284563707342e-02
7.919999999999999929e+00,1.251509315286528090e-01,-8.011423607054805884e-03
7.940000000000000391e+00,-2.852493600899745352e-01,-5.166771887561306259e-03
7.959999999999999964e+00,1.105482465264655406e-01,-1.831488824205874597e-03
7.980000000000000426e+00,-2.137847406915414916e-01,-7.216628368866728933e-04
8.000000000000000000e+00,-2.014798767368776097e-02,3.391806572459408683e-03
8.019999999999999574e+00,-1.519392968862926796e-01,5.639603405365904015e-03
8.040000000000000924e+00,-1.085942046329844840e-01,9.762521542061999152e-03
8.060000000000000497e+00,-1.444538513842668626e-01,1.327201326609525264e-02
8.080000000000000071e+00,-1.768386925205600868e-01,1.797969205997666103e-02
8.099999999999999645e+00,-4.925960717010967327e-02,2.039405126572761337e-02
8.120000000000000995e+00,1.318204638426877240e-02,1.840253822169110598e-02
8.140000000000000568e+00,-6.090459871009703922e-03,1.565479961170259532e-02
8.160000000000000142e+00,-1.174081119491521275e-02,1.368579544981030419e-02
8.179999999999999716e+00,-1.622625565563214425e-02,1.218358876247658575e-02
8.199999999999999289e+00,1.788858460030027034e-02,1.022265950735028531e-02
8.220000000000000639e+00,1.852588354513306779e-01,4.084522950936519785e-03
8.240000000000000213e+00,8.768923348810445106e-02,-3.067146346967361721e-03
8.259999999999999787e+00,1.532012757830024385e-01,-8.845713934130479406e-03
8.279999999999999361e+00,7.592438866620745616e-03,-1.244807476574592842e-02
8.300000000000000711e+00,1.817517659700275401e-01,-1.609151513613430243e-02
8.320000000000000284e+00,-5.312155290449169232e-02,-1.830684831646901475e-02
8.339999999999999858e+00,5.924566344727678208e-02,-1.750714154043938459e-02
8.359999999999999432e+00,5.882857980684422922e-02,-1.930444344048697081e-02
8.380000000000000782e+00,1.602250533313756553e-02,-2.000743281619277170e-02
8.400000000000000355e+00,1.177254611646525034e-01,-2.188230468463727915e-02
8.419999999999999929e+00,-2.633161967436831521e-02,-2.284441352340500428e-02
8.439999999999999503e+00,-1.885955503090897337e-02,-2.064467591144922981e-02
8.460000000000000853e+00,-6.544310672880387925e-02,-1.786151270222117657e-02
8.480000000000000426e+00,-1.186775157022462029e-01,-1.317663369376527102e-02
8.500000000000000000e+00,-9.956666037148037551e-02,-8.028288607752535541e-03
8.519999999999999574e+00,-1.234283527151193716e-01,-3.325687271502691771e-03
8.540000000000000924e+00,-2.304707019757792075e-01,3.782797245151298202e-03
8.560000000000000497e+00,-9.966285157867112166e-02,9.858633491342597144e-03
8.580000000000000071e+00,-5.120477153182666913e-02,1.143369672967735860e-02
8.599999999999999645e+00,-1.384303854321392302e-01,1.366357682952007609e-02
8.620000000000000995e+00,-5.692675798319182801e-02,1.594304597126627865e-02
8.640000000000000568e+00,-2.130531605261679617e-01,1.953762370210039914e-02
8.660000000000000142e+00,-1.884634594632375593e-01,2.580785293646056106e-02
8.679999999999999716e+00,-1.137023769197918234e-02,2.718310241101512190e-02
8.700000000000001066e+00,-4.108850136070738568e-01,3.304692766544004706e-02
8.720000000000000639e+00,-6.870686870004419355e-02,4.015870622289187397e-02
8.740000000000000213e+00,-6.835927200813004534e-01,5.206137453897898004e-02
8.759999999999999787e+00,-6.207618966689498752e-02,6.355197750040898763e-02
8.779999999999999361e+00,-5.924611847773031403e-01,7.135911299006421349e-02
8.800000000000000711e+00,6.032951574544639928e-02,7.665955411845427891e-02
8.820000000000000284e+00,-4.322223701705736332e-01,7.727269037835454712e-02
8.839999999999999858e+00,-1.309385494230973779e-01,8.270854958288724468e-02
8.859999999999999432e+00,-1.801184424263751471e-01,8.201216417279737214e-02
8.880000000000000782e+00,5.477271987928954144e-02,7.757531935567249515e-02
8.900000000000000355e+00,-2.073582367589904552e-01,7.394768950230090621e-02
8.919999999999999929e+00,3.299484872027359100e-02,7.154353451969780453e-02
8.939999999999999503e+00,-3.879285979652002253e-02,6.564728429524160913e-02
8.960000000000000853e+00,-5.325091802817354808e-02,6.209373728019781241e-02
8.980000000000000426e+00,-2.079797445935686190e-02,5.875469014313526583e-02
9.000000000000000000e+00,1.656718190616134371e-03,5.443475888771229232e-02
9.019999999999999574e+00,3.226789275693357079e-02,4.944445909506060138e-02
9.040000000000000924e+00,-6.442572034313824580e-02,4.639757548382820312e-02
9.060000000000000497e+00,-3.605958128003249052e-02,4.520741526353520140e-02
9.080000000000000071e+00,-6.301228210267459384e-02,4.413027383933848524e-02
9.099999999999999645e+00,4.477440552049310324e-02,4.149186510486255197e-02
9.120000000000000995e+00,-2.507782683887240238e-01,4.301437132654089418e-02
9.140000000000000568e+00,1.792553210106217487e-01,4.188634990887292464e-02
9.160000000000000142e+00,-1.443317666230758411e-01,3.819958370643899981e-02
9.179999999999999716e+00,-4.038814926965122662e-03,3.913219502795606958e-02
9.200000000000001066e+00,-2.649786260205800881e-01,4.248598427190233839e-02
9.220000000000000639e+00,5.774547763582307813e-02,4.452036089550669151e-02
9.240000000000000213e+00,-1.991305352835714970e-01,4.460376437475337130e-02
9.259999999999999787e+00,-1.167828887786649811e-01,4.872934956498432835e-02
9.279999999999999361e+00,-6.393558786655914594e-02,4.951844252519846390e-02
9.300000000000000711e+00,-1.358957347135873461e-01,5.069719641139033839e-02
9.320000000000000284e+00,1.885516245340856101e-01,4.654500994036095407e-02
9.339999999999999858e+00,1.809878747175481042e-02,3.915318319969489369e-02
9.359999999999999432e+00,1.252703234502098029e-01,3.392127208793391940e-02
9.380000000000000782e+00,-6.598164494855649626e-03,2.961210769724466341e-02
9.400000000000000355e+00,2.338160488893871458e-01,2.359540392545329823e-02
9.419999999999999929e+00,-1.024544781670663068e-01,1.989485510826069503e-02
9.439999999999999503e+00,2.911717951903818880e-01,1.570250198486379881e-02
9.460000000000000853e+00,-1.381396041673503550e-01,1.230652604273888701e-02
9.480000000000000426e+00,2.208044349028269460e-01,1.113966112747102194e-02
9.500000000000000000e+00,-3.136673462097867154e-02,7.468630367972892148e-03
9.519999999999999574e+00,2.470871687763276370e-01,3.711866587672751905e-03
9.540000000000000924e+00,8.261883938733546873e-02,-2.402297084975085414e-03
9.560000000000000497e+00,-4.508362693167759436e-03,-2.458345115510950432e-03
9.580000000000000071e+00,-4.426414798010619434e-02,2.661754582887190454e-04
9.599999999999999645e+00,4.360855535396299110e-02,1.772977854640180690e-03
9.620000000000000995e+00,-1.599020276872566704e-01,5.426755335528598082e-03
9.640000000000000568e+00,8.857503624943305343e-02,8.006106530818749012e-03
9.660000000000000142e+00,-6.155699326483292377e-02,7.905566288392703103e-03
9.679999999999999716e+00,-7.478831383201976768e-02,1.151842739520754846e-02
9.700000000000001066e+00,-2.094732596999621457e-02,1.392722633062360577e-02
9.720000000000000639e+00,-2.149236849236236258e-01,1.900399625442410201e-02
9.740000000000000213e+00,4.045908212664189180e-02,2.261243866259991450e-02
9.759999999999999787e+00,-9.172117129680108782e-02,2.300856779776746727e-02
9.779999999999999361e+00,-8.711549922029190873e-02,2.626258620357839815e-02
9.800000000000000711e+00,-2.345744884311578848e-01,3.223648859819344681e-02
9.820000000000000284e+00,-2.132947352156759624e-02,3.643906546688158166e-02
9.839999999999999858e+00,1.201841280612570007e-02,3.483771071311778794e-02
9.859999999999999432e+00,-1.942623998050767020e-01,3.702288502191181108e-02
9.880000000000000782e+00,-2.567035631532345666e-02,4.005045229565359910e-02
9.900000000000000355e+00,-1.420548672847125049e-01,4.152692063397597083e-02
9.919999999999999929e+00,6.871049585042453278e-02,4.103447751832511869e-02
9.939999999999999503e+00,-4.873343541259000933e-02,3.841014083167769433e-02
9.960000000000000853e+00,1.653542483584241329e-01,3.425683540706606772e-02
9.980000000000000426e+00,-1.565412524026473517e-01,3.233887444609460232e-02
